"Date","rstar","g","z","output gap","real rate gap","","","All results are output from the Stage 3 model.","","","","","","","","","","","","","","","Standard Errors","Date","y*","r*","g","","","rstar (smoothed)","g (smoothed)","z (smoothed)","output gap (smoothed)"
1961-01-01,5.08724626122781,4.8013518351798,0.00249654242846727,-3.74284187868898,-3.65514626122781,NA,NA,"Parameter Point Estimates",NA,NA,NA,NA,NA,NA,NA,NA,NA,NA,NA,NA,NA,NA,NA,NA,NA,NA,NA,NA,NA,4.39209037465996,4.20010875940086,-0.0559281347960086,-3.37434590230509
1961-04-01,5.30563354325446,5.00211267134361,0.00827315973560973,-3.43283492761213,-3.81303354325446,NA,NA,"a_1","a_2","a_3","b_1","b_2","b_3","b_4","b_5","c","sigma_1","sigma_2","sigma_4","phi","kappa2020Q2-Q4","kappa2021","kappa2022",NA,NA,NA,NA,NA,NA,4.37762287413737,4.19260356348565,-0.0624474481976848,-2.90533062509212
1961-07-01,5.26401047229373,4.9607808988577,0.0104214527031199,-2.70817720661591,-3.81251047229373,NA,NA,"1.38249523455883","-0.441782645330028","-0.0765242266011299","0.577834690551332","0.369705987983517","0.0479643889529117","0.00250366778495888","0.039233093853234","1.05902460251779","0.446074398436774","0.755445624811668","0.502546996060877","-0.0973096501733113","8.07187273469184","1.66282421315837","1.32491109436559",NA,NA,NA,NA,NA,NA,4.35967543230197,4.18253616486548,-0.0697332672109628,-2.16000361542115
1961-10-01,5.25429213639288,4.95403243539817,0.00784990563510927,-2.01540583663541,-3.67349213639288,NA,NA,NA,NA,NA,NA,NA,NA,NA,NA,NA,NA,NA,NA,NA,NA,NA,NA,NA,NA,NA,NA,NA,NA,4.33933014223847,4.17038137562594,-0.0772063364313692,-1.3808609616209
1962-01-01,5.10930606671792,4.81525264002063,0.00983505359734922,-1.2137818954086,-3.58300606671792,NA,NA,NA,NA,NA,NA,NA,NA,NA,NA,NA,NA,NA,NA,NA,NA,NA,NA,NA,NA,NA,NA,NA,NA,4.31941921734121,4.15747857268637,-0.0834528755741866,-0.778899065026053
1962-04-01,4.61751207412553,4.35951678343967,0.000676545373716326,-0.620787647763677,-3.05971207412553,NA,NA,NA,NA,NA,NA,NA,NA,NA,NA,NA,NA,NA,NA,NA,NA,NA,NA,NA,NA,NA,NA,NA,NA,4.30866573125691,4.15160050055767,-0.087981338658824,-0.601276597386914
1962-07-01,4.50653251177919,4.25698947045779,-0.00172407009478066,-0.267200141523631,-2.93923251177919,NA,NA,NA,NA,NA,NA,NA,NA,NA,NA,NA,NA,NA,NA,NA,NA,NA,NA,NA,NA,NA,NA,NA,NA,4.30160652379025,4.14717009163202,-0.0903486340740087,-0.47140558036665
1962-10-01,4.07304752784909,3.86431518995715,-0.0193573301987253,-0.102818159086496,-2.38934752784909,NA,NA,NA,NA,NA,NA,NA,NA,NA,NA,NA,NA,NA,NA,NA,NA,NA,NA,NA,NA,NA,NA,NA,NA,4.30737237591448,4.15312446418395,-0.0908886089748157,-0.663231291209399
1963-01-01,4.06270339430122,3.85176798708778,-0.0164136672151509,0.0700286055373454,-2.46710339430122,NA,NA,NA,NA,NA,NA,NA,NA,NA,NA,NA,NA,NA,NA,NA,NA,NA,NA,NA,NA,NA,NA,NA,NA,4.31444478627551,4.15986431139796,-0.0909538626306519,-0.594452169565329
1963-04-01,4.02772304041019,3.81714508328338,-0.0147275141667171,0.326321055726112,-2.49222304041019,NA,NA,NA,NA,NA,NA,NA,NA,NA,NA,NA,NA,NA,NA,NA,NA,NA,NA,NA,NA,NA,NA,NA,NA,4.32268447806321,4.16827152346663,-0.0916176152622504,-0.383717114374804
1963-07-01,4.33657680655499,4.09811665764791,-0.00342955788210858,0.733361265009421,-2.38877680655499,NA,NA,NA,NA,NA,NA,NA,NA,NA,NA,NA,NA,NA,NA,NA,NA,NA,NA,NA,NA,NA,NA,NA,NA,4.32174070150223,4.16774871275656,-0.092007722418806,0.191368619384662
1963-10-01,4.0798235858176,3.85547180403808,-0.00321590897236043,1.15313767205566,-2.1264235858176,NA,NA,NA,NA,NA,NA,NA,NA,NA,NA,NA,NA,NA,NA,NA,NA,NA,NA,NA,NA,NA,NA,NA,NA,4.32967781300175,4.17549789356262,-0.0922771840422577,0.296465562482013
1964-01-01,4.36525845323099,4.11986824100231,0.00221662687786472,1.39780803486929,-2.37345845323099,NA,NA,NA,NA,NA,NA,NA,NA,NA,NA,NA,NA,NA,NA,NA,NA,NA,NA,NA,NA,NA,NA,NA,NA,4.32737760499542,4.17397623313728,-0.0929659162214736,0.804018026266476
1964-04-01,4.28413404527692,4.05622262461261,-0.0115055074771131,1.61566766863996,-2.17403404527692,NA,NA,NA,NA,NA,NA,NA,NA,NA,NA,NA,NA,NA,NA,NA,NA,NA,NA,NA,NA,NA,NA,NA,NA,4.32867244466355,4.17545501859411,-0.0932371467339779,0.996497539811799
1964-07-01,4.37991748008621,4.15011561023058,-0.0151570544410925,1.78922657758312,-2.26681748008621,NA,NA,NA,NA,NA,NA,NA,NA,NA,NA,NA,NA,NA,NA,NA,NA,NA,NA,NA,NA,NA,NA,NA,NA,4.3270469457985,4.17336595228043,-0.0926502729765507,1.22904842138928
1964-10-01,4.14192978133844,3.94117336504528,-0.031869775032324,1.78926483091095,-1.82472978133844,NA,NA,NA,NA,NA,NA,NA,NA,NA,NA,NA,NA,NA,NA,NA,NA,NA,NA,NA,NA,NA,NA,NA,NA,4.33452159571539,4.1806752602521,-0.0929163600290304,1.12482455999384
1965-01-01,4.49797870784698,4.26048176399774,-0.0139762988050099,2.01568912246796,-2.05867870784698,NA,NA,NA,NA,NA,NA,NA,NA,NA,NA,NA,NA,NA,NA,NA,NA,NA,NA,NA,NA,NA,NA,NA,NA,4.32505965058137,4.17394579265832,-0.095251633419396,1.74740056839903
1965-04-01,4.46937993514848,4.23758726013628,-0.0183292286517864,2.28513016944055,-1.89387993514848,NA,NA,NA,NA,NA,NA,NA,NA,NA,NA,NA,NA,NA,NA,NA,NA,NA,NA,NA,NA,NA,NA,NA,NA,4.31443426439552,4.16805900197787,-0.0996427634447739,2.14908360374955
1965-07-01,4.70211900574025,4.45346279608406,-0.0142076617104187,2.55841142564509,-2.12001900574025,NA,NA,"Signal-to-noise Ratios",NA,NA,NA,"Log Likelihood",NA,NA,NA,NA,NA,NA,NA,NA,NA,NA,NA,NA,NA,NA,NA,NA,NA,4.28934668449055,4.15185216547387,-0.107566904763028,2.90701094271856
1965-10-01,4.90066186795586,4.63887292734145,-0.0120186900524343,2.95129564012791,-2.24026186795586,NA,NA,"lambda_g","0.064",NA,NA,"-592.842646903808",NA,NA,NA,NA,NA,NA,NA,NA,NA,NA,NA,NA,NA,NA,NA,NA,NA,4.25086742070167,4.12594105935182,-0.118605669690214,3.74935723956901
1966-01-01,5.11911132133086,4.82112374879669,0.0134226595723855,3.52617035304911,-2.19411132133086,NA,NA,"lambda_z","0.022",NA,NA,NA,NA,NA,NA,NA,NA,NA,NA,NA,NA,NA,NA,NA,NA,NA,NA,NA,NA,4.20022638360672,4.08881790850459,-0.129932376714958,4.46227413960435
1966-04-01,4.88438685151561,4.56909846873569,0.0455991617981667,3.85815912378609,-1.81868685151561,NA,NA,NA,NA,NA,NA,NA,NA,NA,NA,NA,NA,NA,NA,NA,NA,NA,NA,NA,NA,NA,NA,NA,NA,4.16019120837323,4.06082557744173,-0.140322984671053,4.27647602225079
1966-07-01,4.87305988503584,4.5336387364333,0.0718249242253139,3.80383187642019,-1.29795988503584,NA,NA,NA,NA,NA,NA,NA,NA,NA,NA,NA,NA,NA,NA,NA,NA,NA,NA,NA,NA,NA,NA,NA,NA,4.11915216867342,4.03217736880996,-0.151022866611765,4.08135677588757
1966-10-01,4.86057216688228,4.50651953861625,0.0880571037605628,3.66632879294161,-1.13427216688228,NA,NA,"State vector: [y_{t}* y_{t-1}* y_{t-2}* g_{t} g_{t-1} g_{t-2} z_{t} z_{t-1} z_{t-2}]",NA,NA,NA,NA,NA,NA,NA,NA,NA,NA,NA,NA,NA,NA,NA,NA,NA,NA,NA,NA,NA,4.07702123965795,4.00275564056487,-0.16199546156709,3.86384093502795
1967-01-01,4.82416204612111,4.53316678967701,0.0234268885365802,3.07790814067937,-1.66626204612111,NA,NA,"Initial State Vector",NA,NA,NA,NA,NA,NA,NA,NA,NA,NA,NA,NA,NA,NA,NA,NA,NA,NA,NA,NA,NA,4.03395086700812,3.97184778926003,-0.172333659274135,3.61117777649315
1967-04-01,4.64108240754845,4.36262005719367,0.0209604355428002,2.75247986238412,-2.43098240754845,NA,NA,"818.324541263865","817.163749377358","816.003051717125","1.16079188650708","1.16069766023319","1.16065050471157","0","0","0",NA,NA,NA,NA,NA,NA,NA,NA,NA,NA,NA,NA,NA,3.99870631033866,3.9480546110907,-0.182380654890184,3.09351788163826
1967-07-01,4.68795820581072,4.37190290480775,0.0580054698003327,2.68461358495324,-2.79235820581072,NA,NA,NA,NA,NA,NA,NA,NA,NA,NA,NA,NA,NA,NA,NA,NA,NA,NA,NA,NA,NA,NA,NA,NA,3.95987780426731,3.92157163453269,-0.193163037238704,2.93016997701727
1967-10-01,4.64959156390588,4.30863092602704,0.0866454100742545,2.72942799600548,-2.61429156390588,NA,NA,"Initial Covariance Matrix",NA,NA,NA,NA,NA,NA,NA,NA,NA,NA,NA,NA,NA,NA,NA,NA,NA,NA,NA,NA,NA,3.92042410010719,3.89637400413273,-0.205931830880113,2.91744741445541
1968-01-01,4.87339430606088,4.4743185519165,0.134980880079548,3.07389487530656,-2.36789430606088,NA,NA,"0.650972190410919","0.2","0","0.2","0.2","0","0","0","0",NA,NA,NA,NA,NA,NA,NA,NA,NA,NA,NA,NA,NA,3.86667622197126,3.86000965985307,-0.221168973769459,3.43236161834409
1968-04-01,4.95970567283119,4.52978063269658,0.162556538796923,3.4530499494814,-1.44120567283119,NA,NA,"0.2","0.2","0","0","0","0","0","0","0",NA,NA,NA,NA,NA,NA,NA,NA,NA,NA,NA,NA,NA,3.80653239503217,3.81806732074486,-0.236894831705804,3.81869706636917
1968-07-01,4.86924386297814,4.44326493322208,0.163716983191404,3.48537298320957,-1.84004386297814,NA,NA,"0","0","0.2","0","0","0","0","0","0",NA,NA,NA,NA,NA,NA,NA,NA,NA,NA,NA,NA,NA,3.74918669769334,3.7783594470704,-0.252188913909719,3.742473522213
1968-10-01,4.75714886193032,4.33303226091588,0.168361094117129,3.27819388654223,-2.37864886193032,NA,NA,"0.2","0","0","0.201027982091923","0.2","0","0","0","0",NA,NA,NA,NA,NA,NA,NA,NA,NA,NA,NA,NA,NA,3.69480627612729,3.74232723968554,-0.268410341372184,3.47255373069879
1969-01-01,4.88742660844689,4.4630400447333,0.160957399052241,3.14269493325094,-2.46312660844689,NA,NA,"0.2","0","0","0.2","0.2","0","0","0","0",NA,NA,NA,NA,NA,NA,NA,NA,NA,NA,NA,NA,NA,3.63068346395704,3.69737295170107,-0.284925456578194,3.5715161667755
1969-04-01,4.72581844564893,4.30091548304391,0.171043135755749,3.09336339241884,-0.869418445648926,NA,NA,"0","0","0","0","0","0.2","0","0","0",NA,NA,NA,NA,NA,NA,NA,NA,NA,NA,NA,NA,NA,3.57407815585526,3.65848795157332,-0.300350592875786,3.24670809401721
1969-07-01,4.68058400259786,4.26671665345793,0.16202609461355,2.80700534650418,0.0896159974021398,NA,NA,"0","0","0","0","0","0","0.216488169882193","0.2","0",NA,NA,NA,NA,NA,NA,NA,NA,NA,NA,NA,NA,NA,3.51905126834364,3.61933595834147,-0.313914556317263,2.85471804650774
1969-10-01,4.40860832415666,4.04007375185615,0.130070824954658,2.18821364744804,0.0723916758433392,NA,NA,"0","0","0","0","0","0","0.2","0.2","0",NA,NA,NA,NA,NA,NA,NA,NA,NA,NA,NA,NA,NA,3.47754936429491,3.59077757295202,-0.325172427630384,1.95645180515749
1970-01-01,4.26510034860539,3.93150783039778,0.101536831222817,1.44040467105538,0.179999651394606,NA,NA,"0","0","0","0","0","0","0","0","0.2",NA,NA,NA,NA,NA,NA,NA,NA,NA,NA,NA,NA,NA,3.44214248399453,3.56693750942915,-0.335332094134456,1.12530104958068
1970-04-01,4.18602651328178,3.86348817875535,0.0944974804432281,0.887127913382983,-0.564126513281778,NA,NA,NA,NA,NA,NA,NA,NA,NA,NA,NA,NA,NA,NA,NA,NA,NA,NA,NA,NA,NA,NA,NA,NA,3.40968501305321,3.5455427414901,-0.345131979463166,0.499411363634863
1970-07-01,4.22351935333634,3.91901573233333,0.0731852751410842,0.529304881489566,-1.77751935333634,NA,NA,NA,NA,NA,NA,NA,NA,NA,NA,NA,NA,NA,NA,NA,NA,NA,NA,NA,NA,NA,NA,NA,NA,3.37498988558066,3.52006611555136,-0.352846733277444,0.148247896076782
1970-10-01,3.86504999634857,3.53761488418954,0.118628799758736,0.329403950059486,-3.61134999634857,NA,NA,NA,NA,NA,NA,NA,NA,NA,NA,NA,NA,NA,NA,NA,NA,NA,NA,NA,NA,NA,NA,NA,NA,3.35998258584156,3.51339583092431,-0.3607900374907,-0.649053105129042
1971-01-01,4.26740997938502,3.90787036410718,0.12887912034537,0.468802127447361,-5.35060997938502,NA,NA,NA,NA,NA,NA,NA,NA,NA,NA,NA,NA,NA,NA,NA,NA,NA,NA,NA,NA,NA,NA,NA,NA,3.32196136017466,3.4857519162476,-0.369535677405068,-0.0753377058747446
1971-04-01,4.04407504023042,3.7181292061629,0.106484735563979,0.834617551119777,-4.40707504023042,NA,NA,NA,NA,NA,NA,NA,NA,NA,NA,NA,NA,NA,NA,NA,NA,NA,NA,NA,NA,NA,NA,NA,NA,3.29585689488418,3.46713319350643,-0.375922457245195,-0.00936908089352073
1971-07-01,3.89714741524682,3.64457096030459,0.0374571026623846,0.876894716913625,-2.59364741524682,NA,NA,NA,NA,NA,NA,NA,NA,NA,NA,NA,NA,NA,NA,NA,NA,NA,NA,NA,NA,NA,NA,NA,NA,3.27551299809925,3.45231056833948,-0.380568829304419,0.0623268853161107
1971-10-01,3.5982525677646,3.50192984295009,-0.110377292210792,0.457572935868711,-2.1380525677646,NA,NA,NA,NA,NA,NA,NA,NA,NA,NA,NA,NA,NA,NA,NA,NA,NA,NA,NA,NA,NA,NA,NA,NA,3.26412822274852,3.44653549553601,-0.385837660474941,0.0219599168833611
1972-01-01,3.75346177976074,3.66360513182018,-0.126386188747251,0.626436028621129,-4.13356177976075,NA,NA,NA,NA,NA,NA,NA,NA,NA,NA,NA,NA,NA,NA,NA,NA,NA,NA,NA,NA,NA,NA,NA,NA,3.24038585811152,3.4318609190541,-0.394039287586071,0.627926232764139
1972-04-01,3.86277987332626,3.84796477526714,-0.212309493303474,0.904125453174402,-2.02397987332626,NA,NA,NA,NA,NA,NA,NA,NA,NA,NA,NA,NA,NA,NA,NA,NA,NA,NA,NA,NA,NA,NA,NA,NA,3.20497552126939,3.40744038016224,-0.403587672934985,1.51272331360894
1972-07-01,3.73265272626822,3.74768516091349,-0.236238061629999,1.27676011631797,-2.08975272626822,NA,NA,NA,NA,NA,NA,NA,NA,NA,NA,NA,NA,NA,NA,NA,NA,NA,NA,NA,NA,NA,NA,NA,NA,3.17298486613639,3.38767951588714,-0.414651086633637,1.98382205987059
1972-10-01,3.79007548049449,3.85227280662656,-0.289576197333284,1.39214007266253,-1.12847548049448,NA,NA,NA,NA,NA,NA,NA,NA,NA,NA,NA,NA,NA,NA,NA,NA,NA,NA,NA,NA,NA,NA,NA,NA,3.13100493449773,3.36205692044434,-0.42949605931801,2.68512660326758
1973-01-01,4.00974374104297,4.08160445074494,-0.312775790042021,1.77190688827363,-0.103643741042968,NA,NA,NA,NA,NA,NA,NA,NA,NA,NA,NA,NA,NA,NA,NA,NA,NA,NA,NA,NA,NA,NA,NA,NA,3.07249398367441,3.3229504503935,-0.446592296239869,3.60807010450571
1973-04-01,4.0423894619237,4.01950905396134,-0.214369516264348,2.36385707171848,-0.309689461923704,NA,NA,NA,NA,NA,NA,NA,NA,NA,NA,NA,NA,NA,NA,NA,NA,NA,NA,NA,NA,NA,NA,NA,NA,3.0153399071801,3.2840361896111,-0.462535213176819,3.80403881484517
1973-07-01,3.76482644296925,3.74502234069723,-0.201244352807867,2.10425873862232,2.72157355703075,NA,NA,NA,NA,NA,NA,NA,NA,NA,NA,NA,NA,NA,NA,NA,NA,NA,NA,NA,NA,NA,NA,NA,NA,2.97229361887915,3.25812674829402,-0.478142765685489,3.2249649950104
1973-10-01,3.88693632589911,3.84119365423248,-0.180982256968293,1.72117421013468,1.69326367410089,NA,NA,NA,NA,NA,NA,NA,NA,NA,NA,NA,NA,NA,NA,NA,NA,NA,NA,NA,NA,NA,NA,NA,NA,2.92258444419652,3.22534339824716,-0.493133566115543,2.89076256415933
1974-01-01,3.66739005570344,3.57038206731221,-0.113732393968516,1.28670408673133,0.448809944296563,NA,NA,NA,NA,NA,NA,NA,NA,NA,NA,NA,NA,NA,NA,NA,NA,NA,NA,NA,NA,NA,NA,NA,NA,2.88776051056131,3.20494949993016,-0.506359859691804,1.86583501184509
1974-04-01,3.78201460144867,3.53958466539248,0.0335073581033431,1.12066367936893,-0.359114601448674,NA,NA,NA,NA,NA,NA,NA,NA,NA,NA,NA,NA,NA,NA,NA,NA,NA,NA,NA,NA,NA,NA,NA,NA,2.85416905218042,3.18333257079915,-0.51705845829207,1.06551939978772
1974-07-01,3.62279501505504,3.24209187380821,0.189339957069152,0.995618329138665,-1.50319501505504,NA,NA,NA,NA,NA,NA,NA,NA,NA,NA,NA,NA,NA,NA,NA,NA,NA,NA,NA,NA,NA,NA,NA,NA,2.83849753210985,3.17491516476271,-0.523815738280671,-0.131067492466627
1974-10-01,3.45732086598715,3.11052230278631,0.163201220656167,0.329396128349345,-3.07132086598715,NA,NA,NA,NA,NA,NA,NA,NA,NA,NA,NA,NA,NA,NA,NA,NA,NA,NA,NA,NA,NA,NA,NA,NA,2.83421779619468,3.17322807553627,-0.526308805198404,-1.18140381985722
1975-01-01,2.98800786076702,2.80875397808148,0.0134682955590283,-0.658471990263251,-3.55910786076702,NA,NA,NA,NA,NA,NA,NA,NA,NA,NA,NA,NA,NA,NA,NA,NA,NA,NA,NA,NA,NA,NA,NA,NA,2.85138840583009,3.18949498449536,-0.526365252357593,-2.2673915345332
1975-04-01,2.87446826023015,2.87394417666602,-0.169109329121889,-1.36160019451938,-2.88146826023015,NA,NA,NA,NA,NA,NA,NA,NA,NA,NA,NA,NA,NA,NA,NA,NA,NA,NA,NA,NA,NA,NA,NA,NA,2.86684266862957,3.20497451039426,-0.527304188320343,-2.34541610469
1975-07-01,2.98281522209192,3.00604882844379,-0.200664443599823,-1.04822905420826,-2.24381522209192,NA,NA,NA,NA,NA,NA,NA,NA,NA,NA,NA,NA,NA,NA,NA,NA,NA,NA,NA,NA,NA,NA,NA,NA,2.87490646827109,3.21431472437583,-0.529131905078095,-1.76355706684717
1975-10-01,3.00954386917558,3.01371747486308,-0.1820570817422,-0.452582178641819,-3.30314386917558,NA,NA,NA,NA,NA,NA,NA,NA,NA,NA,NA,NA,NA,NA,NA,NA,NA,NA,NA,NA,NA,NA,NA,NA,2.8817912429149,3.22353840352991,-0.532015233584184,-1.1655793373086
1976-01-01,3.17102181232488,3.19943985289307,-0.217263706164765,0.107025294112304,-3.66592181232489,NA,NA,NA,NA,NA,NA,NA,NA,NA,NA,NA,NA,NA,NA,NA,NA,NA,NA,NA,NA,NA,NA,NA,NA,2.87899274577916,3.22330744559202,-0.534569140581553,-0.339958555031217
1976-04-01,2.89858037902537,3.08840357770844,-0.372114992271817,0.195548089701219,-2.08118037902537,NA,NA,NA,NA,NA,NA,NA,NA,NA,NA,NA,NA,NA,NA,NA,NA,NA,NA,NA,NA,NA,NA,NA,NA,2.88647232703357,3.23067028299898,-0.534886985285455,-0.0977561466082761
1976-07-01,2.82561654855176,2.97547162725632,-0.325481108806312,0.575560598613947,-3.35021654855176,NA,NA,NA,NA,NA,NA,NA,NA,NA,NA,NA,NA,NA,NA,NA,NA,NA,NA,NA,NA,NA,NA,NA,NA,2.90180908793239,3.24408311784302,-0.533754746475988,-0.0904912921738514
1976-10-01,2.79631535198952,2.93063497215123,-0.30729918451766,0.793670683623191,-3.50281535198953,NA,NA,NA,NA,NA,NA,NA,NA,NA,NA,NA,NA,NA,NA,NA,NA,NA,NA,NA,NA,NA,NA,NA,NA,2.92050266996554,3.26044748708302,-0.532391434072667,-0.0163963934520552
1977-01-01,2.85523168938415,2.9605690615564,-0.280083784257082,1.16503419096659,-4.10043168938415,NA,NA,NA,NA,NA,NA,NA,NA,NA,NA,NA,NA,NA,NA,NA,NA,NA,NA,NA,NA,NA,NA,NA,NA,2.93695523892284,3.27576968218628,-0.532165446694307,0.358867177092634
1977-04-01,2.97422913451861,3.11313442014868,-0.322656807363788,1.56512102971521,-3.21152913451861,NA,NA,NA,NA,NA,NA,NA,NA,NA,NA,NA,NA,NA,NA,NA,NA,NA,NA,NA,NA,NA,NA,NA,NA,2.9447811795357,3.28392652082123,-0.532977798874616,1.09013165503563
1977-07-01,3.09853050509594,3.19674232765206,-0.286898267797573,2.27647627196109,-3.07753050509594,NA,NA,NA,NA,NA,NA,NA,NA,NA,NA,NA,NA,NA,NA,NA,NA,NA,NA,NA,NA,NA,NA,NA,NA,2.94926882502128,3.28742224812156,-0.532192214603776,1.67071019652496
1977-10-01,2.79442800733335,2.98398736089846,-0.365688021460245,2.268601462589,-1.42502800733335,NA,NA,NA,NA,NA,NA,NA,NA,NA,NA,NA,NA,NA,NA,NA,NA,NA,NA,NA,NA,NA,NA,NA,NA,2.96860995192139,3.30349170397066,-0.529869036796941,1.51627134881346
1978-01-01,2.7045065113731,2.91451152456562,-0.38203289746352,2.12114398936728,-1.4243065113731,NA,NA,NA,NA,NA,NA,NA,NA,NA,NA,NA,NA,NA,NA,NA,NA,NA,NA,NA,NA,NA,NA,NA,NA,2.98912014608734,3.32461393988116,-0.531727810120397,1.59083785470796
1978-04-01,3.37480226403027,3.48012496317488,-0.310735691808236,2.78365870461198,-2.05680226403027,NA,NA,NA,NA,NA,NA,NA,NA,NA,NA,NA,NA,NA,NA,NA,NA,NA,NA,NA,NA,NA,NA,NA,NA,2.97359271941446,3.31514185331059,-0.537224064077874,2.91897870333389
1978-07-01,3.29416633469708,3.39841193266207,-0.304835511482077,3.30416409848215,-0.956366334697076,NA,NA,NA,NA,NA,NA,NA,NA,NA,NA,NA,NA,NA,NA,NA,NA,NA,NA,NA,NA,NA,NA,NA,NA,2.96216435487568,3.30963470307395,-0.542820221026288,3.34869258849926
1978-10-01,3.40111581800343,3.46481314757433,-0.268206548404883,3.5616713102504,0.370984181996574,NA,NA,NA,NA,NA,NA,NA,NA,NA,NA,NA,NA,NA,NA,NA,NA,NA,NA,NA,NA,NA,NA,NA,NA,2.94641329907526,3.29981012969798,-0.548166811912312,3.57153466907857
1979-01-01,3.10737839380773,3.38287019565356,-0.475164370513545,2.81595496752641,2.46392160619227,NA,NA,NA,NA,NA,NA,NA,NA,NA,NA,NA,NA,NA,NA,NA,NA,NA,NA,NA,NA,NA,NA,NA,NA,2.93783074645033,3.29588931972836,-0.552597130317614,3.22731435553408
1979-04-01,3.25975247742289,3.29321482418667,-0.227843042767076,2.99368069682851,-0.143852477422893,NA,NA,NA,NA,NA,NA,NA,NA,NA,NA,NA,NA,NA,NA,NA,NA,NA,NA,NA,NA,NA,NA,NA,NA,2.93158477402031,3.2944598011039,-0.557329207354582,2.68502823500057
1979-07-01,3.29825825165379,3.3794444214001,-0.28065653345041,2.41374648980798,1.68894174834621,NA,NA,NA,NA,NA,NA,NA,NA,NA,NA,NA,NA,NA,NA,NA,NA,NA,NA,NA,NA,NA,NA,NA,NA,2.92063430356714,3.28866586665092,-0.562143758676667,2.34039555899335
1979-10-01,3.26950922831579,3.32995872808193,-0.256998990091814,2.08999783554748,4.36759077168421,NA,NA,NA,NA,NA,NA,NA,NA,NA,NA,NA,NA,NA,NA,NA,NA,NA,NA,NA,NA,NA,NA,NA,NA,2.9130419676738,3.28500870492312,-0.565863070324884,1.82740036128257
1980-01-01,3.39376989373146,3.316964596767,-0.118977219925283,1.90631821978684,4.76423010626854,NA,NA,NA,NA,NA,NA,NA,NA,NA,NA,NA,NA,NA,NA,NA,NA,NA,NA,NA,NA,NA,NA,NA,NA,2.90802317296032,3.28037712908659,-0.565976912279039,1.02213344087534
1980-04-01,2.92232268222263,2.92319387708728,-0.173411551542157,0.659892531603532,3.18257731777737,NA,NA,NA,NA,NA,NA,NA,NA,NA,NA,NA,NA,NA,NA,NA,NA,NA,NA,NA,NA,NA,NA,NA,NA,2.9284269831769,3.29749831077861,-0.563704854698496,-0.705484240275609
1980-07-01,2.97098421675897,2.97180192044264,-0.176227130799394,-0.415398908696716,-0.000684216758970457,NA,NA,NA,NA,NA,NA,NA,NA,NA,NA,NA,NA,NA,NA,NA,NA,NA,NA,NA,NA,NA,NA,NA,NA,2.94427560614511,3.31292170006771,-0.564189980441642,-1.57412492011679
1980-10-01,3.39885123004099,3.25161675439075,-0.0446909108178571,-0.304363832421018,5.64994876995902,NA,NA,NA,NA,NA,NA,NA,NA,NA,NA,NA,NA,NA,NA,NA,NA,NA,NA,NA,NA,NA,NA,NA,NA,2.94011265822143,3.31264523040961,-0.56806014019555,-1.29039713504937
1981-01-01,3.61587473488599,3.47463038134354,-0.0638443236125821,-0.219297828643107,6.71602526511401,NA,NA,NA,NA,NA,NA,NA,NA,NA,NA,NA,NA,NA,NA,NA,NA,NA,NA,NA,NA,NA,NA,NA,NA,2.92326892647488,3.30008560569448,-0.571602920370394,-0.949559264850905
1981-04-01,3.23589650360687,3.2436960486883,-0.199257415043772,-1.0676365427488,9.61850349639313,NA,NA,NA,NA,NA,NA,NA,NA,NA,NA,NA,NA,NA,NA,NA,NA,NA,NA,NA,NA,NA,NA,NA,NA,2.92060709228725,3.30068736542186,-0.574902032914121,-1.73712445627621
1981-07-01,3.48458612831576,3.48846525520891,-0.209784401978971,-1.81097316897501,9.36731387168424,NA,NA,NA,NA,NA,NA,NA,NA,NA,NA,NA,NA,NA,NA,NA,NA,NA,NA,NA,NA,NA,NA,NA,NA,2.90439571693374,3.2877848432558,-0.577449319859236,-2.24543963909889
1981-10-01,3.18667411229373,3.28140999918264,-0.288419807788562,-2.99631352243262,4.80142588770627,NA,NA,NA,NA,NA,NA,NA,NA,NA,NA,NA,NA,NA,NA,NA,NA,NA,NA,NA,NA,NA,NA,NA,NA,2.90392743241345,3.28601166296532,-0.57603976282721,-3.73550338201005
1982-01-01,2.77565918489838,3.04191073027349,-0.445799117124098,-4.61799086470319,6.77854081510162,NA,NA,NA,NA,NA,NA,NA,NA,NA,NA,NA,NA,NA,NA,NA,NA,NA,NA,NA,NA,NA,NA,NA,NA,2.92025705044956,3.29854644179396,-0.572984783957746,-5.36075494279669
1982-04-01,2.84254791636357,3.15743891475786,-0.501257575312074,-5.54680117950534,7.25315208363643,NA,NA,NA,NA,NA,NA,NA,NA,NA,NA,NA,NA,NA,NA,NA,NA,NA,NA,NA,NA,NA,NA,NA,NA,2.93190401542333,3.3057279081857,-0.56894316857499,-6.11631400353508
1982-07-01,2.81549398283802,3.01623668650426,-0.378774875186731,-5.84208734635558,2.23730601716198,NA,NA,NA,NA,NA,NA,NA,NA,NA,NA,NA,NA,NA,NA,NA,NA,NA,NA,NA,NA,NA,NA,NA,NA,2.95283977730513,3.31988721938222,-0.563002465605009,-7.02039063671157
1982-10-01,2.72211371577894,2.95794410463543,-0.41042186390243,-6.35534936353702,0.736486284221058,NA,NA,NA,NA,NA,NA,NA,NA,NA,NA,NA,NA,NA,NA,NA,NA,NA,NA,NA,NA,NA,NA,NA,NA,2.97808925621107,3.33818273790185,-0.55712839092717,-7.55357411068474
1983-01-01,2.82629749632897,3.0546366898846,-0.408637910012317,-6.22639360299979,0.229802503671025,NA,NA,NA,NA,NA,NA,NA,NA,NA,NA,NA,NA,NA,NA,NA,NA,NA,NA,NA,NA,NA,NA,NA,NA,2.99669562384214,3.35211089273714,-0.553272281934357,-7.22341081688239
1983-04-01,2.84405181263107,3.26879793271461,-0.617685618772986,-6.10676672866362,1.30424818736893,NA,NA,NA,NA,NA,NA,NA,NA,NA,NA,NA,NA,NA,NA,NA,NA,NA,NA,NA,NA,NA,NA,NA,NA,3.00341243671675,3.35672260802517,-0.551439389009574,-6.24845563506551
1983-07-01,3.17317488889561,3.31384032329946,-0.336263542294007,-4.60549499046908,0.0607251111043854,NA,NA,NA,NA,NA,NA,NA,NA,NA,NA,NA,NA,NA,NA,NA,NA,NA,NA,NA,NA,NA,NA,NA,NA,3.00373225985058,3.35684268690783,-0.551246732366728,-5.27508417957517
1983-10-01,3.10303675201243,3.45091457724995,-0.551566686482546,-4.39318824903626,0.923663247987574,NA,NA,NA,NA,NA,NA,NA,NA,NA,NA,NA,NA,NA,NA,NA,NA,NA,NA,NA,NA,NA,NA,NA,NA,2.99621734213777,3.35119097550149,-0.552776348653889,-4.28454052876566
1984-01-01,3.23545443480602,3.52417740372416,-0.496736139375125,-3.55070620221863,1.56064556519398,NA,NA,NA,NA,NA,NA,NA,NA,NA,NA,NA,NA,NA,NA,NA,NA,NA,NA,NA,NA,NA,NA,NA,NA,2.98240870831782,3.34081342847077,-0.555594904854525,-3.39693290824573
1984-04-01,3.38057802787866,3.57697545518238,-0.407526981761739,-2.77931978697484,1.32932197212134,NA,NA,NA,NA,NA,NA,NA,NA,NA,NA,NA,NA,NA,NA,NA,NA,NA,NA,NA,NA,NA,NA,NA,NA,2.96387825623982,3.32624972044252,-0.558702031826716,-2.74886729318905
1984-07-01,3.28033384742788,3.53298743634491,-0.461186768047618,-2.61761386562114,3.42896615257212,NA,NA,NA,NA,NA,NA,NA,NA,NA,NA,NA,NA,NA,NA,NA,NA,NA,NA,NA,NA,NA,NA,NA,NA,2.94770817616334,3.31373386047884,-0.561617508279997,-2.50790615123026
1984-10-01,3.18029392329145,3.51838259697382,-0.545759807974249,-2.78530471256352,2.36030607670855,NA,NA,NA,NA,NA,NA,NA,NA,NA,NA,NA,NA,NA,NA,NA,NA,NA,NA,NA,NA,NA,NA,NA,NA,2.93204537379906,3.30204424261063,-0.56490071772781,-2.45198821652934
1985-01-01,3.49300752170704,3.50470159032416,-0.218557686929456,-2.01561512986359,-0.0551075217070438,NA,NA,NA,NA,NA,NA,NA,NA,NA,NA,NA,NA,NA,NA,NA,NA,NA,NA,NA,NA,NA,NA,NA,NA,2.91324588846472,3.28791152651151,-0.568733309012781,-2.42087604457583
1985-04-01,3.37436799158807,3.51285101007877,-0.3458276530648,-2.28805613232805,0.382632008411928,NA,NA,NA,NA,NA,NA,NA,NA,NA,NA,NA,NA,NA,NA,NA,NA,NA,NA,NA,NA,NA,NA,NA,NA,2.89328563852873,3.27356952940555,-0.57350503116432,-2.31453554968425
1985-07-01,3.5380153954545,3.59419335529159,-0.268323794005248,-1.87655350453849,0.523384604545502,NA,NA,NA,NA,NA,NA,NA,NA,NA,NA,NA,NA,NA,NA,NA,NA,NA,NA,NA,NA,NA,NA,NA,NA,2.86669310975247,3.25334765729331,-0.578682099864749,-1.95543861906265
1985-10-01,3.32113594545821,3.5413135403715,-0.429202219024577,-2.09856600600278,1.53556405454179,NA,NA,NA,NA,NA,NA,NA,NA,NA,NA,NA,NA,NA,NA,NA,NA,NA,NA,NA,NA,NA,NA,NA,NA,2.84358537083056,3.23617369946457,-0.583602194923416,-1.8594621307825
1986-01-01,3.38529134554625,3.5283005644038,-0.351265757234768,-1.84981078959277,0.874908654453747,NA,NA,NA,NA,NA,NA,NA,NA,NA,NA,NA,NA,NA,NA,NA,NA,NA,NA,NA,NA,NA,NA,NA,NA,2.81992594489999,3.21816574025698,-0.588190749012018,-1.81097619891193
1986-04-01,3.1746643377681,3.45854073480401,-0.488015389199289,-2.22296228460709,0.6408356622319,NA,NA,NA,NA,NA,NA,NA,NA,NA,NA,NA,NA,NA,NA,NA,NA,NA,NA,NA,NA,NA,NA,NA,NA,2.80059532839528,3.20407825263638,-0.592602369538844,-1.93774083242045
1986-07-01,3.18882658089913,3.47652743680902,-0.492901506009718,-2.22755673237918,0.422473419100867,NA,NA,NA,NA,NA,NA,NA,NA,NA,NA,NA,NA,NA,NA,NA,NA,NA,NA,NA,NA,NA,NA,NA,NA,2.77963650133318,3.18827835374131,-0.596828714953778,-1.90533010999263
1986-10-01,3.15621635240988,3.39036759117392,-0.434266338222269,-2.06056951101914,0.361383647590122,NA,NA,NA,NA,NA,NA,NA,NA,NA,NA,NA,NA,NA,NA,NA,NA,NA,NA,NA,NA,NA,NA,NA,NA,2.76268443429272,3.17592876160949,-0.600702260095588,-1.97475987445671
1987-01-01,3.01370143065354,3.37724617972638,-0.562885362435904,-2.34704466961273,0.54689856934646,NA,NA,NA,NA,NA,NA,NA,NA,NA,NA,NA,NA,NA,NA,NA,NA,NA,NA,NA,NA,NA,NA,NA,NA,2.74642140473155,3.16464901064711,-0.605019755877313,-1.93456448502195
1987-04-01,3.13132370043776,3.38943178845102,-0.458167952087729,-1.98291818164012,0.520376299562237,NA,NA,NA,NA,NA,NA,NA,NA,NA,NA,NA,NA,NA,NA,NA,NA,NA,NA,NA,NA,NA,NA,NA,NA,2.72737828550647,3.15135748696002,-0.609986824512814,-1.73625990907624
1987-07-01,3.11566386682113,3.36348306273511,-0.446347446767234,-1.83184484998981,0.418936133178875,NA,NA,NA,NA,NA,NA,NA,NA,NA,NA,NA,NA,NA,NA,NA,NA,NA,NA,NA,NA,NA,NA,NA,NA,2.70775362261419,3.1387860097795,-0.616297983780932,-1.53271601240328
1987-10-01,3.31785534554105,3.49155715890223,-0.379789586833519,-1.42627526985336,0.115644654458954,NA,NA,NA,NA,NA,NA,NA,NA,NA,NA,NA,NA,NA,NA,NA,NA,NA,NA,NA,NA,NA,NA,NA,NA,2.67877008235275,3.11801898616498,-0.623288735113534,-1.07342048599344
1988-01-01,3.18637605307385,3.37976575659891,-0.39287903391154,-1.30055106790996,-0.148576053073848,NA,NA,NA,NA,NA,NA,NA,NA,NA,NA,NA,NA,NA,NA,NA,NA,NA,NA,NA,NA,NA,NA,NA,NA,2.65500870443621,3.10244445006132,-0.6305562961235,-0.997994060104361
1988-04-01,3.38769660338908,3.43524523214957,-0.250312613139236,-0.824144599573742,-0.310196603389084,NA,NA,NA,NA,NA,NA,NA,NA,NA,NA,NA,NA,NA,NA,NA,NA,NA,NA,NA,NA,NA,NA,NA,NA,2.62552022385703,3.08194528288339,-0.638335654330115,-0.730887622245064
1988-07-01,3.35459048839015,3.34388173219995,-0.186662533919389,-0.576024669917501,0.369309511609848,NA,NA,NA,NA,NA,NA,NA,NA,NA,NA,NA,NA,NA,NA,NA,NA,NA,NA,NA,NA,NA,NA,NA,NA,2.59898282922771,3.06495235541867,-0.646877120705507,-0.657793771510796
1988-10-01,3.44836549843541,3.42789771109356,-0.181862512527082,-0.460957332432486,1.05183450156459,NA,NA,NA,NA,NA,NA,NA,NA,NA,NA,NA,NA,NA,NA,NA,NA,NA,NA,NA,NA,NA,NA,NA,NA,2.56517933492651,3.04243179089516,-0.656830783113721,-0.349546575837167
1989-01-01,3.47796927835127,3.43936064541862,-0.164398262078501,-0.327712658136875,2.22453072164873,NA,NA,NA,NA,NA,NA,NA,NA,NA,NA,NA,NA,NA,NA,NA,NA,NA,NA,NA,NA,NA,NA,NA,NA,2.52845637498746,3.01798537452623,-0.667664386674669,-0.160457696307162
1989-04-01,3.37987739680062,3.44509341962782,-0.268561292557374,-0.632335272811019,3.05162260319938,NA,NA,NA,NA,NA,NA,NA,NA,NA,NA,NA,NA,NA,NA,NA,NA,NA,NA,NA,NA,NA,NA,NA,NA,2.48996006130283,2.99273609866295,-0.679421096024327,-0.133907274569424
1989-07-01,3.29621967272213,3.47008088399486,-0.378681356155103,-1.07537985765612,3.03648032727787,NA,NA,NA,NA,NA,NA,NA,NA,NA,NA,NA,NA,NA,NA,NA,NA,NA,NA,NA,NA,NA,NA,NA,NA,2.44887127523234,2.9656385980564,-0.691812962285744,-0.223580072739651
1989-10-01,3.25721073904484,3.38814050128692,-0.330913408604955,-1.28819822969797,2.45348926095516,NA,NA,NA,NA,NA,NA,NA,NA,NA,NA,NA,NA,NA,NA,NA,NA,NA,NA,NA,NA,NA,NA,NA,NA,2.40961364907305,2.9414095277533,-0.705411406897914,-0.511424893888261
1990-01-01,3.48634836151862,3.4764836438341,-0.195333347552376,-1.19769841309437,0.966751638481384,NA,NA,NA,NA,NA,NA,NA,NA,NA,NA,NA,NA,NA,NA,NA,NA,NA,NA,NA,NA,NA,NA,NA,NA,2.3621483484592,2.910124806796,-0.719745418335091,-0.53957028757543
1990-04-01,3.44730384834077,3.39327720138495,-0.146260191088594,-1.24439650298098,0.890696151659226,NA,NA,NA,NA,NA,NA,NA,NA,NA,NA,NA,NA,NA,NA,NA,NA,NA,NA,NA,NA,NA,NA,NA,NA,2.31868375626497,2.88138012233911,-0.732768682497856,-0.837336046361656
1990-07-01,3.33406888544542,3.27239695274789,-0.131479996718824,-1.45277162770344,1.25363111455458,NA,NA,NA,NA,NA,NA,NA,NA,NA,NA,NA,NA,NA,NA,NA,NA,NA,NA,NA,NA,NA,NA,NA,NA,2.28333378736031,2.85752723610398,-0.742857858038462,-1.37997628634514
1990-10-01,2.89481005984255,3.00904599447587,-0.291843678415,-2.29498759744445,1.65778994015745,NA,NA,NA,NA,NA,NA,NA,NA,NA,NA,NA,NA,NA,NA,NA,NA,NA,NA,NA,NA,NA,NA,NA,NA,2.265934965286,2.8479474192795,-0.750111418408027,-2.32766010581645
1991-01-01,2.66479437516805,2.86652814982165,-0.370929459302869,-3.01837828328621,0.601805624831949,NA,NA,NA,NA,NA,NA,NA,NA,NA,NA,NA,NA,NA,NA,NA,NA,NA,NA,NA,NA,NA,NA,NA,NA,2.25738312728486,2.84628620719053,-0.756903991936959,-3.05632157070249
1991-04-01,2.74522959682004,2.922047065913,-0.349290135696742,-3.16584125446559,-0.0407295968200381,NA,NA,NA,NA,NA,NA,NA,NA,NA,NA,NA,NA,NA,NA,NA,NA,NA,NA,NA,NA,NA,NA,NA,NA,2.24545916469334,2.84133045061361,-0.763579686389424,-3.19657931982226
1991-07-01,2.77305391591774,2.84619143030787,-0.241132832253586,-2.86217842825226,-0.350853915917736,NA,NA,NA,NA,NA,NA,NA,NA,NA,NA,NA,NA,NA,NA,NA,NA,NA,NA,NA,NA,NA,NA,NA,NA,2.23792296854597,2.83948123199678,-0.769157514526138,-3.28872175789229
1991-10-01,2.64215447322954,2.75387169268111,-0.274263401497063,-2.86786814791969,-1.07455447322954,NA,NA,NA,NA,NA,NA,NA,NA,NA,NA,NA,NA,NA,NA,NA,NA,NA,NA,NA,NA,NA,NA,NA,NA,2.23609442525478,2.84284400247223,-0.774547314483445,-3.34270901316449
1992-01-01,2.68951749276843,2.8126477788102,-0.289145703208572,-2.6570203308047,-1.93181749276843,NA,NA,NA,NA,NA,NA,NA,NA,NA,NA,NA,NA,NA,NA,NA,NA,NA,NA,NA,NA,NA,NA,NA,NA,2.23085161375574,2.8432485786941,-0.780218582155041,-3.02566396408054
1992-04-01,2.68023298288955,2.80482302781388,-0.290143609273782,-2.24678768166791,-2.05053298288955,NA,NA,NA,NA,NA,NA,NA,NA,NA,NA,NA,NA,NA,NA,NA,NA,NA,NA,NA,NA,NA,NA,NA,NA,2.22651144333978,2.84408216424456,-0.785441540177242,-2.65945467437211
1992-07-01,2.5531247614777,2.78307918641251,-0.394224567688334,-2.05508585670134,-2.3224247614777,NA,NA,NA,NA,NA,NA,NA,NA,NA,NA,NA,NA,NA,NA,NA,NA,NA,NA,NA,NA,NA,NA,NA,NA,2.22507061197564,2.84683967181458,-0.789802639899671,-2.32911351312953
1992-10-01,2.57998665382434,2.7576154786094,-0.340395982306876,-1.50095955112988,-2.59358665382434,NA,NA,NA,NA,NA,NA,NA,NA,NA,NA,NA,NA,NA,NA,NA,NA,NA,NA,NA,NA,NA,NA,NA,NA,2.2268613675361,2.8506547620764,-0.792052158787297,-2.07363521569732
1993-01-01,2.41276563416948,2.57815934742812,-0.317568543968097,-1.17338815594928,-2.43526563416948,NA,NA,NA,NA,NA,NA,NA,NA,NA,NA,NA,NA,NA,NA,NA,NA,NA,NA,NA,NA,NA,NA,NA,NA,2.24146450621845,2.86426161289947,-0.79185900988937,-2.17755648400941
1993-04-01,2.38489678693906,2.51504738646623,-0.278600271826736,-0.885370303609079,-2.56209678693906,NA,NA,NA,NA,NA,NA,NA,NA,NA,NA,NA,NA,NA,NA,NA,NA,NA,NA,NA,NA,NA,NA,NA,NA,2.26176653207917,2.88165274424003,-0.789974619983921,-2.19266550598752
1993-07-01,2.22188878660554,2.44279903458176,-0.365095490023242,-0.872172201867784,-2.21918878660554,NA,NA,NA,NA,NA,NA,NA,NA,NA,NA,NA,NA,NA,NA,NA,NA,NA,NA,NA,NA,NA,NA,NA,NA,2.28841420846809,2.90444944578454,-0.787469211386886,-2.15354707002882
1993-10-01,2.28186701579021,2.53239990661295,-0.400006788726647,-0.597134047602822,-2.15816701579021,NA,NA,NA,NA,NA,NA,NA,NA,NA,NA,NA,NA,NA,NA,NA,NA,NA,NA,NA,NA,NA,NA,NA,NA,2.31145896942628,2.92366908793879,-0.784778524321632,-1.76003845331911
1994-01-01,2.22262617776073,2.52293558432291,-0.44922467660482,-0.304391523082472,-1.48972617776073,NA,NA,NA,NA,NA,NA,NA,NA,NA,NA,NA,NA,NA,NA,NA,NA,NA,NA,NA,NA,NA,NA,NA,NA,2.33680360457964,2.94468609701654,-0.781691418852962,-1.43704076770837
1994-04-01,2.38303177535775,2.58428236479507,-0.353786828813076,0.307064963042194,-0.978231775357752,NA,NA,NA,NA,NA,NA,NA,NA,NA,NA,NA,NA,NA,NA,NA,NA,NA,NA,NA,NA,NA,NA,NA,NA,2.35974699391899,2.96265479006508,-0.777777317527098,-1.06306406154692
1994-07-01,2.25291401301166,2.52415100331288,-0.420223999966639,0.39449987343437,-0.183414013011658,NA,NA,NA,NA,NA,NA,NA,NA,NA,NA,NA,NA,NA,NA,NA,NA,NA,NA,NA,NA,NA,NA,NA,NA,2.38841346893455,2.98521526433985,-0.773002939812991,-0.999429947504154
1994-10-01,2.28402344476631,2.60906392333086,-0.479039439582653,0.418641232030495,0.608376555233687,NA,NA,NA,NA,NA,NA,NA,NA,NA,NA,NA,NA,NA,NA,NA,NA,NA,NA,NA,NA,NA,NA,NA,NA,2.41471012320504,3.00453338290845,-0.767164648381006,-0.872840638375578
1995-01-01,2.20055891441275,2.54063246285333,-0.490033369704288,0.404637180638588,1.46574108558725,NA,NA,NA,NA,NA,NA,NA,NA,NA,NA,NA,NA,NA,NA,NA,NA,NA,NA,NA,NA,NA,NA,NA,NA,2.4476745433302,3.02854316783706,-0.759627181196402,-1.09815133328391
1995-04-01,2.15321918263082,2.50808005334057,-0.502899298940963,0.193242840499579,1.67148081736918,NA,NA,NA,NA,NA,NA,NA,NA,NA,NA,NA,NA,NA,NA,NA,NA,NA,NA,NA,NA,NA,NA,NA,NA,2.48440384358076,3.05557245880509,-0.751522565069594,-1.40788499410053
1995-07-01,2.19486740121663,2.59710457178619,-0.555530235616363,-0.0758912044119597,1.53103259878337,NA,NA,NA,NA,NA,NA,NA,NA,NA,NA,NA,NA,NA,NA,NA,NA,NA,NA,NA,NA,NA,NA,NA,NA,2.51781774487745,3.07935377271202,-0.743293660280546,-1.52810406065134
1995-10-01,2.25012330864146,2.62082958241404,-0.525399698141425,-0.10914932426283,1.51427669135854,NA,NA,NA,NA,NA,NA,NA,NA,NA,NA,NA,NA,NA,NA,NA,NA,NA,NA,NA,NA,NA,NA,NA,NA,2.55095396186437,3.10276100632021,-0.734946279561585,-1.6584815907612
1996-01-01,2.25120531957307,2.66761314611337,-0.573862632160864,-0.309164025114114,1.36339468042693,NA,NA,NA,NA,NA,NA,NA,NA,NA,NA,NA,NA,NA,NA,NA,NA,NA,NA,NA,NA,NA,NA,NA,NA,2.58184569216985,3.12509572909554,-0.72770757016559,-1.6775119714282
1996-04-01,2.4907887049917,2.86128008890714,-0.539377303855241,-0.136254834414785,1.0364112950083,NA,NA,NA,NA,NA,NA,NA,NA,NA,NA,NA,NA,NA,NA,NA,NA,NA,NA,NA,NA,NA,NA,NA,NA,2.6015245531883,3.13761449571291,-0.721286390988117,-1.35472275113625
1996-07-01,2.50730975304441,2.87681804058565,-0.539311328902813,-0.0212838635540038,1.12149024695559,NA,NA,NA,NA,NA,NA,NA,NA,NA,NA,NA,NA,NA,NA,NA,NA,NA,NA,NA,NA,NA,NA,NA,NA,2.62097914205882,3.14981486521685,-0.714752293582073,-1.26590529324699
1996-10-01,2.64126690857675,2.92832005177501,-0.459896070299148,0.196225965359645,0.764333091423248,NA,NA,NA,NA,NA,NA,NA,NA,NA,NA,NA,NA,NA,NA,NA,NA,NA,NA,NA,NA,NA,NA,NA,NA,2.63745897021643,3.15914987714181,-0.708158472717791,-1.20213165788903
1997-01-01,2.55656850409529,2.92387433988399,-0.539886356512309,-0.0148881889945187,1.09513149590471,NA,NA,NA,NA,NA,NA,NA,NA,NA,NA,NA,NA,NA,NA,NA,NA,NA,NA,NA,NA,NA,NA,NA,NA,2.65418975783382,3.16967985521758,-0.702579190946611,-1.21298688741331
1997-04-01,2.83667326990324,3.10009722272012,-0.446405959154425,0.284556775434112,0.851626730096755,NA,NA,NA,NA,NA,NA,NA,NA,NA,NA,NA,NA,NA,NA,NA,NA,NA,NA,NA,NA,NA,NA,NA,NA,2.65900306618834,3.17035727453915,-0.698483286319859,-0.850263399763321
1997-07-01,2.80507552996907,3.18175596548548,-0.564482316687782,0.177786502338677,1.59562447003093,NA,NA,NA,NA,NA,NA,NA,NA,NA,NA,NA,NA,NA,NA,NA,NA,NA,NA,NA,NA,NA,NA,NA,NA,2.65943282221201,3.16723594832505,-0.694747969042972,-0.611252996230519
1997-10-01,2.81484819809099,3.18988900352927,-0.563322735947456,0.197810515157698,1.56925180190901,NA,NA,NA,NA,NA,NA,NA,NA,NA,NA,NA,NA,NA,NA,NA,NA,NA,NA,NA,NA,NA,NA,NA,NA,2.658662238522,3.16340395499092,-0.691460377515453,-0.567312428578703
1998-01-01,2.87726541388881,3.24819815597907,-0.562656347145928,0.139477596815368,1.76123458611119,NA,NA,NA,NA,NA,NA,NA,NA,NA,NA,NA,NA,NA,NA,NA,NA,NA,NA,NA,NA,NA,NA,NA,NA,2.65330331328212,3.15607948698229,-0.689062510933839,-0.513449208764882
1998-04-01,2.95358901312607,3.28589932281189,-0.526259211128265,0.140974813559637,1.66671098687393,NA,NA,NA,NA,NA,NA,NA,NA,NA,NA,NA,NA,NA,NA,NA,NA,NA,NA,NA,NA,NA,NA,NA,NA,2.64356044648728,3.14601487442506,-0.688146705415761,-0.453303929744266
1998-07-01,3.14161047449778,3.38053388891341,-0.438458083506656,0.296000512021465,1.47398952550222,NA,NA,NA,NA,NA,NA,NA,NA,NA,NA,NA,NA,NA,NA,NA,NA,NA,NA,NA,NA,NA,NA,NA,NA,2.62487557132113,3.12961923407046,-0.689468194072353,-0.230683567877691
1998-10-01,3.31770724175313,3.52783266525377,-0.418354344316507,0.413702821659172,0.586692758246872,NA,NA,NA,NA,NA,NA,NA,NA,NA,NA,NA,NA,NA,NA,NA,NA,NA,NA,NA,NA,NA,NA,NA,NA,2.5949581446963,3.10405404960358,-0.692311461378857,0.116241056142485
1999-01-01,3.2942721388025,3.53527780864039,-0.449674037282849,0.384256415766231,0.516527861197505,NA,NA,NA,NA,NA,NA,NA,NA,NA,NA,NA,NA,NA,NA,NA,NA,NA,NA,NA,NA,NA,NA,NA,NA,2.56256196478447,3.07686777631982,-0.695916709032412,0.230852102223935
1999-04-01,3.33948495284593,3.52830703422461,-0.397079001634504,0.452423438750543,0.396015047154073,NA,NA,NA,NA,NA,NA,NA,NA,NA,NA,NA,NA,NA,NA,NA,NA,NA,NA,NA,NA,NA,NA,NA,NA,2.52698291276228,3.0482783393513,-0.701218843932807,0.31637791119374
1999-07-01,3.42500183425091,3.6243159914705,-0.413237968014999,0.431113395336524,0.696998165749088,NA,NA,NA,NA,NA,NA,NA,NA,NA,NA,NA,NA,NA,NA,NA,NA,NA,NA,NA,NA,NA,NA,NA,NA,2.48183067779018,3.013027330861,-0.709039393650124,0.631544939590071
1999-10-01,3.61338774323597,3.74686275063631,-0.35463209194535,0.695257325522562,0.419612256764026,NA,NA,NA,NA,NA,NA,NA,NA,NA,NA,NA,NA,NA,NA,NA,NA,NA,NA,NA,NA,NA,NA,NA,NA,2.42584050681786,2.96875005281863,-0.718138837843051,1.0305623437082
2000-01-01,3.51818316087205,3.6284729264597,-0.32445893781848,0.712388951531807,0.788116839127946,NA,NA,NA,NA,NA,NA,NA,NA,NA,NA,NA,NA,NA,NA,NA,NA,NA,NA,NA,NA,NA,NA,NA,NA,2.37234096690344,2.928500611237,-0.729013228884922,1.01967742055979
2000-04-01,3.63675370955364,3.83542179501878,-0.425052332404181,0.502539427851957,1.30524629044636,NA,NA,NA,NA,NA,NA,NA,NA,NA,NA,NA,NA,NA,NA,NA,NA,NA,NA,NA,NA,NA,NA,NA,NA,2.30393301681214,2.87535646142128,-0.741140216841491,1.38200504929114
2000-07-01,3.50591942696699,3.66954571730856,-0.380219767726557,0.465983789444977,1.49438057303301,NA,NA,NA,NA,NA,NA,NA,NA,NA,NA,NA,NA,NA,NA,NA,NA,NA,NA,NA,NA,NA,NA,NA,NA,2.24208352016848,2.82822868703652,-0.753080240949771,1.11821406886531
2000-10-01,3.51926603818941,3.66575287282626,-0.362856440883856,0.19543201488284,1.48483396181059,NA,NA,NA,NA,NA,NA,NA,NA,NA,NA,NA,NA,NA,NA,NA,NA,NA,NA,NA,NA,NA,NA,NA,NA,2.17799977420745,2.77864011467457,-0.764648468775764,0.836775800667624
2001-01-01,3.40172416725804,3.47900105192806,-0.282623538919036,-0.0743317717291347,0.410875832741955,NA,NA,NA,NA,NA,NA,NA,NA,NA,NA,NA,NA,NA,NA,NA,NA,NA,NA,NA,NA,NA,NA,NA,NA,2.12177724406499,2.73615552568557,-0.77587877395102,0.223726130443083
2001-04-01,3.38112655390652,3.50950221448333,-0.335522633821986,-0.551765016047966,-0.830326553906517,NA,NA,NA,NA,NA,NA,NA,NA,NA,NA,NA,NA,NA,NA,NA,NA,NA,NA,NA,NA,NA,NA,NA,NA,2.06239494234671,2.68997765621453,-0.786357575807615,-0.11461912353127
2001-07-01,3.08487366847754,3.30303797808007,-0.413124813359865,-1.03434496261536,-1.13487366847754,NA,NA,NA,NA,NA,NA,NA,NA,NA,NA,NA,NA,NA,NA,NA,NA,NA,NA,NA,NA,NA,NA,NA,NA,2.01414922308599,2.6531486757739,-0.79560049869606,-0.696898420688058
2001-10-01,3.1167325496617,3.21994861641202,-0.293272253961735,-1.00170301790786,-2.4505325496617,NA,NA,NA,NA,NA,NA,NA,NA,NA,NA,NA,NA,NA,NA,NA,NA,NA,NA,NA,NA,NA,NA,NA,NA,1.96773778523801,2.61813508450362,-0.804931681966313,-0.963641557368987
2002-01-01,3.07951055377228,3.21919286427603,-0.329693889745737,-1.03557241246449,-2.83041055377228,NA,NA,NA,NA,NA,NA,NA,NA,NA,NA,NA,NA,NA,NA,NA,NA,NA,NA,NA,NA,NA,NA,NA,NA,1.91987260344017,2.58145904991058,-0.813956040807322,-0.909602207092348
2002-04-01,3.10014002744662,3.1203710782204,-0.204409713373739,-0.572275007762642,-3.03074002744662,NA,NA,NA,NA,NA,NA,NA,NA,NA,NA,NA,NA,NA,NA,NA,NA,NA,NA,NA,NA,NA,NA,NA,NA,1.87607551148969,2.54733838647589,-0.821618510726243,-0.877592414521814
2002-07-01,2.97148981293732,3.00162476376489,-0.207304659416337,-0.413782935740983,-2.93328981293732,NA,NA,NA,NA,NA,NA,NA,NA,NA,NA,NA,NA,NA,NA,NA,NA,NA,NA,NA,NA,NA,NA,NA,NA,1.83900345784425,2.51777724949236,-0.827384593027722,-0.94949846874897
2002-10-01,2.7165506264419,2.85346495187261,-0.305338960013435,-0.545818480670619,-3.0617506264419,NA,NA,NA,NA,NA,NA,NA,NA,NA,NA,NA,NA,NA,NA,NA,NA,NA,NA,NA,NA,NA,NA,NA,NA,1.81075895760967,2.49527942871509,-0.831803347556137,-1.1154778710652
2003-01-01,2.57973325209438,2.7926339373241,-0.377734793357958,-0.589351259687987,-2.95013325209439,NA,NA,NA,NA,NA,NA,NA,NA,NA,NA,NA,NA,NA,NA,NA,NA,NA,NA,NA,NA,NA,NA,NA,NA,1.78524878685405,2.47530905969144,-0.836164406194353,-1.06878751998545
2003-04-01,2.55649583526316,2.78048681707633,-0.388108110997046,-0.360615510520461,-2.79359583526316,NA,NA,NA,NA,NA,NA,NA,NA,NA,NA,NA,NA,NA,NA,NA,NA,NA,NA,NA,NA,NA,NA,NA,NA,1.75817041813851,2.45499267794784,-0.841727226809282,-0.740557301111608
2003-07-01,2.76137465912654,2.8816235122989,-0.290335535591716,0.306426024088182,-3.31387465912654,NA,NA,NA,NA,NA,NA,NA,NA,NA,NA,NA,NA,NA,NA,NA,NA,NA,NA,NA,NA,NA,NA,NA,NA,1.7224038417977,2.427341769235,-0.848210810541214,-0.0920724444505368
2003-10-01,2.76813218175887,2.86690750195103,-0.267993395950077,0.840177063336114,-3.43103218175887,NA,NA,NA,NA,NA,NA,NA,NA,NA,NA,NA,NA,NA,NA,NA,NA,NA,NA,NA,NA,NA,NA,NA,NA,1.68626678524076,2.39875555497458,-0.854074362903537,0.35367161978445
2004-01-01,2.68603736386406,2.76009529513823,-0.236971458980909,1.21613180557119,-3.43803736386406,NA,NA,NA,NA,NA,NA,NA,NA,NA,NA,NA,NA,NA,NA,NA,NA,NA,NA,NA,NA,NA,NA,NA,NA,1.65502551812659,2.37420681415351,-0.85931790952735,0.520078247387573
2004-04-01,2.65743040673646,2.72977264708528,-0.233465985806957,1.44830493072436,-3.46283040673646,NA,NA,NA,NA,NA,NA,NA,NA,NA,NA,NA,NA,NA,NA,NA,NA,NA,NA,NA,NA,NA,NA,NA,NA,1.62381739326596,2.34989504828593,-0.864779276203561,0.735159869208928
2004-07-01,2.53740068377166,2.74364249599539,-0.368184220000762,1.41455927676725,-2.86370068377166,NA,NA,NA,NA,NA,NA,NA,NA,NA,NA,NA,NA,NA,NA,NA,NA,NA,NA,NA,NA,NA,NA,NA,NA,1.59063740387301,2.32430670826747,-0.870860583979377,1.05009830539348
2004-10-01,2.59170285594414,2.75101113700223,-0.321685619941651,1.79453663953291,-2.39280285594414,NA,NA,NA,NA,NA,NA,NA,NA,NA,NA,NA,NA,NA,NA,NA,NA,NA,NA,NA,NA,NA,NA,NA,NA,1.55443676406271,2.29660427614712,-0.877723666624645,1.41084331773152
2005-01-01,2.70150684516392,2.77593991564397,-0.238281820614192,2.23640002881461,-2.07540684516392,NA,NA,NA,NA,NA,NA,NA,NA,NA,NA,NA,NA,NA,NA,NA,NA,NA,NA,NA,NA,NA,NA,NA,NA,1.5143059639531,2.2654311071607,-0.884841313839192,1.74141508990988
2005-04-01,2.54096065246304,2.71602455127546,-0.335376168380003,2.13682382166769,-1.41206065246304,NA,NA,NA,NA,NA,NA,NA,NA,NA,NA,NA,NA,NA,NA,NA,NA,NA,NA,NA,NA,NA,NA,NA,NA,1.47614649468732,2.23644460876223,-0.892303368160147,1.82092529443344
2005-07-01,2.47202721816605,2.74374909196407,-0.433670573359738,1.94652778068496,-0.727427218166051,NA,NA,NA,NA,NA,NA,NA,NA,NA,NA,NA,NA,NA,NA,NA,NA,NA,NA,NA,NA,NA,NA,NA,NA,1.4344030799489,2.20498327192824,-0.900728453163268,1.95340858606528
2005-10-01,2.51385560390161,2.71645158861541,-0.362933459990631,2.06315860101802,-0.27145560390161,NA,NA,NA,NA,NA,NA,NA,NA,NA,NA,NA,NA,NA,NA,NA,NA,NA,NA,NA,NA,NA,NA,NA,NA,1.39025378485057,2.17294741785444,-0.910950990634785,2.04402400530728
2006-01-01,2.66093451407967,2.85472870487927,-0.362293417901211,2.09388993523942,0.0898654859203272,NA,NA,NA,NA,NA,NA,NA,NA,NA,NA,NA,NA,NA,NA,NA,NA,NA,NA,NA,NA,NA,NA,NA,NA,1.33499049209762,2.1315718816695,-0.922396572625522,2.34029907949332
2006-04-01,2.69547882423425,2.76008336381265,-0.227517363043395,2.29370157484584,0.239121175765749,NA,NA,NA,NA,NA,NA,NA,NA,NA,NA,NA,NA,NA,NA,NA,NA,NA,NA,NA,NA,NA,NA,NA,NA,1.28178050264807,2.09232578532959,-0.934043980498312,2.21050587994728
2006-07-01,2.51289235400102,2.71991825922876,-0.367567999359591,1.69702561317285,0.795007645998981,NA,NA,NA,NA,NA,NA,NA,NA,NA,NA,NA,NA,NA,NA,NA,NA,NA,NA,NA,NA,NA,NA,NA,NA,1.22810772123339,2.05412754626428,-0.947263886969981,2.00367396524223
2006-10-01,2.51610262211499,2.81978264026592,-0.470116567679184,1.25485396491456,0.805897377885009,NA,NA,NA,NA,NA,NA,NA,NA,NA,NA,NA,NA,NA,NA,NA,NA,NA,NA,NA,NA,NA,NA,NA,NA,1.16544233929283,2.00910880772743,-0.962253317225689,2.04896201152155
2007-01-01,2.57509303046927,2.76627949987296,-0.354465017336795,1.2858995738452,0.823606969530727,NA,NA,NA,NA,NA,NA,NA,NA,NA,NA,NA,NA,NA,NA,NA,NA,NA,NA,NA,NA,NA,NA,NA,NA,1.10109686776019,1.96401850026283,-0.97884704381824,1.9466784787312
2007-04-01,2.46690405032957,2.81467653385069,-0.513907647147802,0.717326251228315,1.05129594967043,NA,NA,NA,NA,NA,NA,NA,NA,NA,NA,NA,NA,NA,NA,NA,NA,NA,NA,NA,NA,NA,NA,NA,NA,1.03050585373651,1.91500075078122,-0.997527055180837,1.96167777888832
2007-07-01,2.48046562135745,2.8259671528443,-0.512303119411804,0.535644321668201,0.849834378642548,NA,NA,NA,NA,NA,NA,NA,NA,NA,NA,NA,NA,NA,NA,NA,NA,NA,NA,NA,NA,NA,NA,NA,NA,0.954857493253137,1.86290957391675,-1.01800957779063,1.98259653855041
2007-10-01,2.58918711110736,2.83442418128016,-0.412537830839659,0.589690516364271,0.0616128888926388,NA,NA,NA,NA,NA,NA,NA,NA,NA,NA,NA,NA,NA,NA,NA,NA,NA,NA,NA,NA,NA,NA,NA,NA,0.874798296003033,1.80705251066857,-1.03891477083652,1.94451302885216
2008-01-01,2.25575435264687,2.66588564011858,-0.567484127737584,-0.0533819247051497,-1.09165435264687,NA,NA,NA,NA,NA,NA,NA,NA,NA,NA,NA,NA,NA,NA,NA,NA,NA,NA,NA,NA,NA,NA,NA,NA,0.802363348737547,1.75861613502745,-1.06005440464126,1.53092345276536
2008-04-01,2.14888573680302,2.70891161509505,-0.719918309628824,-0.580445006201785,-2.11338573680302,NA,NA,NA,NA,NA,NA,NA,NA,NA,NA,NA,NA,NA,NA,NA,NA,NA,NA,NA,NA,NA,NA,NA,NA,0.726828911575973,1.70625078293208,-1.08013264561433,1.3724185270172
2008-07-01,1.87076954073059,2.48028573217716,-0.755914070918865,-0.811291356628658,-1.83056954073059,NA,NA,NA,NA,NA,NA,NA,NA,NA,NA,NA,NA,NA,NA,NA,NA,NA,NA,NA,NA,NA,NA,NA,NA,0.666901004069332,1.66381883243512,-1.09512407361188,0.701237714506533
2008-10-01,1.00741743462924,2.00736869353017,-1.1184353981432,-2.13818337953796,-2.16441743462924,NA,NA,NA,NA,NA,NA,NA,NA,NA,NA,NA,NA,NA,NA,NA,NA,NA,NA,NA,NA,NA,NA,NA,NA,0.639400263409727,1.64741394381539,-1.10525163362162,-0.662553133833853
2009-01-01,0.800265011149724,1.76534232067864,-1.0692759383148,-2.60983557834038,-2.32036501114972,NA,NA,NA,NA,NA,NA,NA,NA,NA,NA,NA,NA,NA,NA,NA,NA,NA,NA,NA,NA,NA,NA,NA,NA,0.626826866757519,1.64325056031084,-1.1134159047128,-1.5949593395967
2009-04-01,0.9553798330852,1.64110151026592,-0.782587041515505,-2.18985974046916,-2.2517798330852,NA,NA,NA,NA,NA,NA,NA,NA,NA,NA,NA,NA,NA,NA,NA,NA,NA,NA,NA,NA,NA,NA,NA,NA,0.620025696934884,1.64401999603059,-1.1210319258927,-1.92036106895034
2009-07-01,0.926357635390665,1.59929936039521,-0.767339734058825,-2.03665202258776,-2.40035763539066,NA,NA,NA,NA,NA,NA,NA,NA,NA,NA,NA,NA,NA,NA,NA,NA,NA,NA,NA,NA,NA,NA,NA,NA,0.615283318268649,1.64714505885191,-1.12908382297113,-1.80923561692168
2009-10-01,1.17558752355463,1.64377610452212,-0.565211812165144,-1.21588877587078,-2.93118752355463,NA,NA,NA,NA,NA,NA,NA,NA,NA,NA,NA,NA,NA,NA,NA,NA,NA,NA,NA,NA,NA,NA,NA,NA,0.606741306007683,1.64677978692545,-1.13723900327536,-1.3473362791359
2010-01-01,0.99036069285633,1.57692895437204,-0.679645866246314,-1.03917162131813,-2.61346069285633,NA,NA,NA,NA,NA,NA,NA,NA,NA,NA,NA,NA,NA,NA,NA,NA,NA,NA,NA,NA,NA,NA,NA,NA,0.602960263919687,1.65084823250656,-1.14532862932776,-1.01268298771117
2010-04-01,0.961853851178406,1.61353286178387,-0.74691714642165,-0.751056418232452,-2.58615385117841,NA,NA,NA,NA,NA,NA,NA,NA,NA,NA,NA,NA,NA,NA,NA,NA,NA,NA,NA,NA,NA,NA,NA,NA,0.597570780516046,1.6536114074387,-1.1536443829656,-0.530352504280586
2010-07-01,0.861714390716909,1.60712844936416,-0.840274176565995,-0.512725473314731,-2.31521439071691,NA,NA,NA,NA,NA,NA,NA,NA,NA,NA,NA,NA,NA,NA,NA,NA,NA,NA,NA,NA,NA,NA,NA,NA,0.593982830964676,1.65751315853698,-1.16136438292295,-0.143016854961274
2010-10-01,0.83732662688115,1.55534705491042,-0.809824169722573,-0.100673075780037,-2.28292662688115,NA,NA,NA,NA,NA,NA,NA,NA,NA,NA,NA,NA,NA,NA,NA,NA,NA,NA,NA,NA,NA,NA,NA,NA,0.595125043889945,1.66429367671415,-1.16740290556513,0.0389282253105421
2011-01-01,0.674588597357205,1.38472307918851,-0.791867211177612,0.0671950020404211,-2.1150885973572,NA,NA,NA,NA,NA,NA,NA,NA,NA,NA,NA,NA,NA,NA,NA,NA,NA,NA,NA,NA,NA,NA,NA,NA,0.60763982168651,1.68076944931786,-1.17233637630137,-0.0972791137135118
2011-04-01,0.799101565846275,1.41565161367416,-0.700108321628668,0.4062880629956,-2.45590156584627,NA,NA,NA,NA,NA,NA,NA,NA,NA,NA,NA,NA,NA,NA,NA,NA,NA,NA,NA,NA,NA,NA,NA,NA,0.619338179946257,1.69586284739682,-1.17662229794284,0.026031036209929
2011-07-01,0.643100704261435,1.30737571432105,-0.74144234193882,0.449346299557419,-2.32640070426144,NA,NA,NA,NA,NA,NA,NA,NA,NA,NA,NA,NA,NA,NA,NA,NA,NA,NA,NA,NA,NA,NA,NA,NA,0.638500587290661,1.71805156726344,-1.18095829083556,0.0183866085233149
2011-10-01,0.748904486728872,1.42930564105601,-0.764765351666898,0.655571538993968,-2.48780448672887,NA,NA,NA,NA,NA,NA,NA,NA,NA,NA,NA,NA,NA,NA,NA,NA,NA,NA,NA,NA,NA,NA,NA,NA,0.651303073788894,1.73492278629926,-1.18602284037073,0.431712928097909
2012-01-01,0.921737241105518,1.43673259288275,-0.599797921996482,1.37188215558217,-2.71183724110552,NA,NA,NA,NA,NA,NA,NA,NA,NA,NA,NA,NA,NA,NA,NA,NA,NA,NA,NA,NA,NA,NA,NA,NA,0.664145413108976,1.75127166342763,-1.19049436415313,0.757523794362328
2012-04-01,0.790027738357341,1.40863060392262,-0.701746727056205,1.41780890383347,-2.37342773835734,NA,NA,NA,NA,NA,NA,NA,NA,NA,NA,NA,NA,NA,NA,NA,NA,NA,NA,NA,NA,NA,NA,NA,NA,0.681522507095044,1.77063114589654,-1.19361943839365,0.865870077898307
2012-07-01,0.638322211048569,1.34261142985218,-0.783536324786474,1.36497812058599,-2.29662221104857,NA,NA,NA,NA,NA,NA,NA,NA,NA,NA,NA,NA,NA,NA,NA,NA,NA,NA,NA,NA,NA,NA,NA,NA,0.705654265860595,1.79514296798129,-1.19544630226839,0.793235607923066
2012-10-01,0.62333448621716,1.28106838075361,-0.733348446508532,1.50999638064263,-2.25553448621716,NA,NA,NA,NA,NA,NA,NA,NA,NA,NA,NA,NA,NA,NA,NA,NA,NA,NA,NA,NA,NA,NA,NA,NA,0.734538038248806,1.8240812989916,-1.1972089343759,0.730444156768044
2013-01-01,0.708118471129683,1.3925174686154,-0.766591787569814,1.61330703890098,-2.25901847112968,NA,NA,NA,NA,NA,NA,NA,NA,NA,NA,NA,NA,NA,NA,NA,NA,NA,NA,NA,NA,NA,NA,NA,NA,0.758858563295057,1.84862950739295,-1.19888556597442,0.980877550157061
2013-04-01,0.592506165101581,1.34303301385221,-0.82979883856152,1.65149629104656,-2.18760616510158,NA,NA,NA,NA,NA,NA,NA,NA,NA,NA,NA,NA,NA,NA,NA,NA,NA,NA,NA,NA,NA,NA,NA,NA,0.788147574980857,1.8776349568775,-1.20031403889984,1.04462548431161
2013-07-01,0.747225009256332,1.40646191973452,-0.742252766246919,2.01754771807589,-2.41472500925633,NA,NA,NA,NA,NA,NA,NA,NA,NA,NA,NA,NA,NA,NA,NA,NA,NA,NA,NA,NA,NA,NA,NA,NA,0.814615442115937,1.90418424016731,-1.20196251594788,1.27961585671733
2013-10-01,0.841292826146734,1.46267487715943,-0.70771585424979,2.34128498090683,-2.46679282614673,NA,NA,NA,NA,NA,NA,NA,NA,NA,NA,NA,NA,NA,NA,NA,NA,NA,NA,NA,NA,NA,NA,NA,NA,0.840239848502658,1.92877594158661,-1.20238132638197,1.47409681848671
2014-01-01,0.574129115575921,1.3082667601472,-0.811357570076206,2.15562067818689,-2.18342911557592,NA,NA,NA,NA,NA,NA,NA,NA,NA,NA,NA,NA,NA,NA,NA,NA,NA,NA,NA,NA,NA,NA,NA,NA,0.876985779213255,1.96386814863716,-1.20279890629456,1.29272278772169
2014-04-01,0.839799378514739,1.48302525963499,-0.730760857594047,2.45848718393393,-2.50539937851474,NA,NA,NA,NA,NA,NA,NA,NA,NA,NA,NA,NA,NA,NA,NA,NA,NA,NA,NA,NA,NA,NA,NA,NA,0.903366837840788,1.99078837391222,-1.20492702853863,1.69425091761343
2014-07-01,0.949146708370084,1.59574505991614,-0.740786569427328,2.77457361292113,-2.51134670837008,NA,NA,NA,NA,NA,NA,NA,NA,NA,NA,NA,NA,NA,NA,NA,NA,NA,NA,NA,NA,NA,NA,NA,NA,0.924514166751897,2.01301114718193,-1.20731416325632,2.13669325801686
2014-10-01,0.857662547017545,1.5746410372799,-0.809921051595995,2.85470010061363,-2.39546254701754,NA,NA,NA,NA,NA,NA,NA,NA,NA,NA,NA,NA,NA,NA,NA,NA,NA,NA,NA,NA,NA,NA,NA,NA,0.948584074606148,2.03804646015585,-1.20975726777319,2.3087451911523
2015-01-01,0.893934733506101,1.65360205765017,-0.857270528319466,2.92707491665283,-2.3092347335061,NA,NA,NA,NA,NA,NA,NA,NA,NA,NA,NA,NA,NA,NA,NA,NA,NA,NA,NA,NA,NA,NA,NA,NA,0.969646756120273,2.0603969454823,-1.21236430009798,2.54602845162196
2015-04-01,1.08697193666575,1.64725647222457,-0.65751319407673,3.49644740931694,-2.56147193666575,NA,NA,NA,NA,NA,NA,NA,NA,NA,NA,NA,NA,NA,NA,NA,NA,NA,NA,NA,NA,NA,NA,NA,NA,0.991644326964896,2.0830564320208,-1.21436368297805,2.63026064213295
2015-07-01,1.05257522636024,1.63654830856325,-0.680569695617107,3.49416387988288,-2.36567522636024,NA,NA,NA,NA,NA,NA,NA,NA,NA,NA,NA,NA,NA,NA,NA,NA,NA,NA,NA,NA,NA,NA,NA,NA,1.016622635542,2.1076049633945,-1.21538287308138,2.56103166631351
2015-10-01,0.984546637903271,1.59922499824246,-0.709071980196957,3.38501883169442,-2.36774663790327,NA,NA,NA,NA,NA,NA,NA,NA,NA,NA,NA,NA,NA,NA,NA,NA,NA,NA,NA,NA,NA,NA,NA,NA,1.045935790328,2.13566416898272,-1.21578510734041,2.38827106901897
2016-01-01,1.15458421312758,1.6313432564942,-0.573048430651267,3.64839296288551,-2.35228421312758,NA,NA,NA,NA,NA,NA,NA,NA,NA,NA,NA,NA,NA,NA,NA,NA,NA,NA,NA,NA,NA,NA,NA,NA,1.07451150040413,2.16256009512123,-1.21569284475247,2.33118632010132
2016-04-01,1.25059917126197,1.60509466740889,-0.449235570894159,3.88547019587406,-2.45229917126196,NA,NA,NA,NA,NA,NA,NA,NA,NA,NA,NA,NA,NA,NA,NA,NA,NA,NA,NA,NA,NA,NA,NA,NA,1.10561323621454,2.19150564627004,-1.21524515974208,2.21252471588718
2016-07-01,1.27745923271048,1.67745769515346,-0.499009736139824,3.78592863968379,-2.45435923271048,NA,NA,NA,NA,NA,NA,NA,NA,NA,NA,NA,NA,NA,NA,NA,NA,NA,NA,NA,NA,NA,NA,NA,NA,1.13452717792631,2.21821845280534,-1.21462073735348,2.22687535567638
2016-10-01,1.23133087357633,1.70656561669614,-0.575964100315821,3.65720243802525,-2.35363087357633,NA,NA,NA,NA,NA,NA,NA,NA,NA,NA,NA,NA,NA,NA,NA,NA,NA,NA,NA,NA,NA,NA,NA,NA,1.164180540292,2.24512428415212,-1.21346131233523,2.19929931621357
2017-01-01,1.26496998772418,1.71474746869729,-0.550989768731347,3.71553413733091,-2.14516998772418,NA,NA,NA,NA,NA,NA,NA,NA,NA,NA,NA,NA,NA,NA,NA,NA,NA,NA,NA,NA,NA,NA,NA,NA,1.19495053882206,2.27277445231778,-1.21197352215636,2.14208831160545
2017-04-01,1.1842819232072,1.75768451728467,-0.677149224061865,3.44321899869192,-1.7139819232072,NA,NA,NA,NA,NA,NA,NA,NA,NA,NA,NA,NA,NA,NA,NA,NA,NA,NA,NA,NA,NA,NA,NA,NA,1.22523255682725,2.30025367977935,-1.21079268209115,2.14342887254213
2017-07-01,1.22059163768316,1.83308825560976,-0.720693923593992,3.38234454450958,-1.59959163768316,NA,NA,NA,NA,NA,NA,NA,NA,NA,NA,NA,NA,NA,NA,NA,NA,NA,NA,NA,NA,NA,NA,NA,NA,1.2519714745652,2.32530825435406,-1.21058717523344,2.27382327699456
2017-10-01,1.40878491387546,1.94876337408115,-0.65500344376206,3.63413182120689,-1.74368491387546,NA,NA,NA,NA,NA,NA,NA,NA,NA,NA,NA,NA,NA,NA,NA,NA,NA,NA,NA,NA,NA,NA,NA,NA,1.27223283826887,2.34490114412801,-1.2110751638348,2.5242543509471
2018-01-01,1.54648436566783,1.98884740362372,-0.559753965423306,3.93589695877517,-1.52808436566783,NA,NA,NA,NA,NA,NA,NA,NA,NA,NA,NA,NA,NA,NA,NA,NA,NA,NA,NA,NA,NA,NA,NA,NA,1.29067876104837,2.36267928449627,-1.21145672909231,2.63034255278501
2018-04-01,1.53463798418067,2.00198340400075,-0.585511694488427,3.86668133350656,-1.05913798418067,NA,NA,NA,NA,NA,NA,NA,NA,NA,NA,NA,NA,NA,NA,NA,NA,NA,NA,NA,NA,NA,NA,NA,NA,1.30962299828511,2.38076002250622,-1.21166043823978,2.57657201852351
2018-07-01,1.46700107440278,2.05985548361789,-0.714436560379736,3.5110533988634,-0.805201074402779,NA,NA,NA,NA,NA,NA,NA,NA,NA,NA,NA,NA,NA,NA,NA,NA,NA,NA,NA,NA,NA,NA,NA,NA,1.32739238604787,2.39731274201384,-1.21142078767417,2.47927794863438
2018-10-01,1.43823736186795,2.01668890940738,-0.697485808819225,3.35828394163082,-0.612337361867952,NA,NA,NA,NA,NA,NA,NA,NA,NA,NA,NA,NA,NA,NA,NA,NA,NA,NA,NA,NA,NA,NA,NA,NA,1.34849261255533,2.4169794781891,-1.21114811862753,2.20786635515014
2019-01-01,1.47747049508575,2.08780502604351,-0.733566392754609,3.09445504389191,-0.506670495085755,NA,NA,NA,NA,NA,NA,NA,NA,NA,NA,NA,NA,NA,NA,NA,NA,NA,NA,NA,NA,NA,NA,NA,NA,1.36572226234898,2.43399468803703,-1.21193799467985,2.13090531883461
2019-04-01,1.60078195546935,2.17457313967992,-0.702144499426035,3.07514215663286,-0.652481955469352,NA,NA,NA,NA,NA,NA,NA,NA,NA,NA,NA,NA,NA,NA,NA,NA,NA,NA,NA,NA,NA,NA,NA,NA,1.37718027669462,2.44697244517271,-1.21422374442638,2.21328892352324
2019-07-01,1.70435166047293,2.31053721161503,-0.74256409166023,3.0133222636814,-1.01025166047293,NA,NA,NA,NA,NA,NA,NA,NA,NA,NA,NA,NA,NA,NA,NA,NA,NA,NA,NA,NA,NA,NA,NA,NA,1.38085708059451,2.45339006035065,-1.21734335288943,2.41539028658087
2019-10-01,1.70950082454173,2.33332409830981,-0.761546801215989,2.98167376993479,-1.60110082454173,NA,NA,NA,NA,NA,NA,NA,NA,NA,NA,NA,NA,NA,NA,NA,NA,NA,NA,NA,NA,NA,NA,NA,NA,1.38407032704625,2.45896285457147,-1.2200318326223,2.40243341998951
2020-01-01,1.67365482178534,2.28859304748336,-0.750021520650702,2.90236979282466,-1.97075482178534,NA,NA,NA,NA,NA,NA,NA,NA,NA,NA,NA,NA,NA,NA,NA,NA,NA,NA,NA,NA,NA,NA,NA,NA,1.39066973918871,2.46717918884047,-1.22213372061323,2.19475829059278
2020-04-01,1.64146775471276,2.26605819805304,-0.75834362776253,-0.496333753310687,-3.12996775471276,NA,NA,NA,NA,NA,NA,NA,NA,NA,NA,NA,NA,NA,NA,NA,NA,NA,NA,NA,NA,NA,NA,NA,NA,1.39869146209456,2.47692919487157,-1.224437493969,-1.22920765753616
2020-07-01,1.70157582995492,2.31119633661804,-0.746037951772565,5.76321622852062,-3.36357582995492,NA,NA,NA,NA,NA,NA,NA,NA,NA,NA,NA,NA,NA,NA,NA,NA,NA,NA,NA,NA,NA,NA,NA,NA,1.40307006338297,2.48349196839851,-1.22700903130638,4.98101321929268
2020-10-01,1.68488678563865,2.29837921187224,-0.749153345649491,6.49784326902081,-3.13228678563865,NA,NA,NA,NA,NA,NA,NA,NA,NA,NA,NA,NA,NA,NA,NA,NA,NA,NA,NA,NA,NA,NA,NA,NA,1.40833007639047,2.49110219661714,-1.22980843721318,5.69883368733112
2021-01-01,1.80979766802787,2.34150310296661,-0.669911724885504,7.15438915371598,-3.24519766802787,NA,NA,NA,NA,NA,NA,NA,NA,NA,NA,NA,NA,NA,NA,NA,NA,NA,NA,NA,NA,NA,NA,NA,NA,1.41014951804812,2.49558745759451,-1.23273899727928,6.18695953206665
2021-04-01,1.90430595881009,2.28631053625435,-0.516953148078907,7.57013130518398,-1.99860595881009,NA,NA,NA,NA,NA,NA,NA,NA,NA,NA,NA,NA,NA,NA,NA,NA,NA,NA,NA,NA,NA,NA,NA,NA,1.41301380258398,2.50091624873417,-1.235518033662,6.08627951532471
2021-07-01,1.90542449183943,2.28848677294882,-0.518139303249902,7.30774687324626,-0.933624491839433,NA,NA,NA,NA,NA,NA,NA,NA,NA,NA,NA,NA,NA,NA,NA,NA,NA,NA,NA,NA,NA,NA,NA,NA,1.41563068778579,2.50689166561825,-1.23922926195074,5.88268859397735
2021-10-01,2.17619514779006,2.49201477362755,-0.462909807319316,7.61211289211205,0.232904852209944,NA,NA,NA,NA,NA,NA,NA,NA,NA,NA,NA,NA,NA,NA,NA,NA,NA,NA,NA,NA,NA,NA,NA,NA,1.40792784301431,2.50221674101741,-1.241981246555,6.29849843330026
2022-01-01,1.90910834533933,2.21255307960369,-0.434039800337476,7.33642185524666,-4.75860834533933,NA,NA,NA,NA,NA,NA,NA,NA,NA,NA,NA,NA,NA,NA,NA,NA,NA,NA,NA,NA,NA,NA,NA,NA,1.41454734100708,2.50814517723005,-1.24164010836587,5.05988074230895
2022-04-01,1.60117815564948,2.05118233839812,-0.571074404964101,6.08946976954209,-4.41587815564948,NA,NA,NA,NA,NA,NA,NA,NA,NA,NA,NA,NA,NA,NA,NA,NA,NA,NA,NA,NA,NA,NA,NA,NA,1.43113271748281,2.52259517548534,-1.24035763554885,3.64817031051299
2022-07-01,1.74004879006342,2.16387962592052,-0.551552970673401,5.60689931270848,-3.88084879006342,NA,NA,NA,NA,NA,NA,NA,NA,NA,NA,NA,NA,NA,NA,NA,NA,NA,NA,NA,NA,NA,NA,NA,NA,1.44312017581234,2.53265640683356,-1.2390252687487,3.30066666615709
2022-10-01,1.70950993845987,2.17015093017035,-0.588733287767393,5.3897314040589,-2.50770993845987,NA,NA,NA,NA,NA,NA,NA,NA,NA,NA,NA,NA,NA,NA,NA,NA,NA,NA,NA,NA,NA,NA,NA,NA,1.45624381679966,2.54303365252408,-1.236891386254,3.0564951509866
2023-01-01,1.6796040723568,2.1733383298093,-0.622014688506164,5.17225796105893,-1.2543040723568,NA,NA,NA,NA,NA,NA,NA,NA,NA,NA,NA,NA,NA,NA,NA,NA,NA,NA,NA,NA,NA,NA,NA,NA,1.47140922483777,2.55463584317652,-1.23401298355994,2.84817639672193
2023-04-01,1.56128207129123,2.19461884280368,-0.762873276386988,4.5778770837891,-0.144482071291228,NA,NA,NA,NA,NA,NA,NA,NA,NA,NA,NA,NA,NA,NA,NA,NA,NA,NA,NA,NA,NA,NA,NA,NA,1.48800998743666,2.56772751280915,-1.23127662119004,2.620765334553
2023-07-01,1.42333351313199,2.35883682974003,-1.07473272288776,3.41533850164094,1.50326648686801,NA,NA,NA,NA,NA,NA,NA,NA,NA,NA,NA,NA,NA,NA,NA,NA,NA,NA,NA,NA,NA,NA,NA,NA,1.49987989103375,2.57679929828004,-1.22901396159538,2.54539165608755
2023-10-01,1.2812170637649,2.42536488455839,-1.28730401906515,2.59655693842872,2.2598829362351,NA,NA,NA,NA,NA,NA,NA,NA,NA,NA,NA,NA,NA,NA,NA,NA,NA,NA,NA,NA,NA,NA,NA,NA,1.51086819742953,2.58488392928813,-1.22658747833945,2.32139083961961
2024-01-01,1.36862086859834,2.39121990866031,-1.16373984470327,2.50589945827421,1.02197913140166,NA,NA,NA,NA,NA,NA,NA,NA,NA,NA,NA,NA,NA,NA,NA,NA,NA,NA,NA,NA,NA,NA,NA,NA,1.52326882364412,2.59438676399603,-1.22425058787418,1.88865566710577
2024-04-01,1.33982408646346,2.46246737274353,-1.26798944416928,1.80584193925103,1.19247591353654,NA,NA,NA,NA,NA,NA,NA,NA,NA,NA,NA,NA,NA,NA,NA,NA,NA,NA,NA,NA,NA,NA,NA,NA,1.53279057254031,2.60156840085848,-1.22233436910167,1.56684700889157
2024-07-01,1.27260236036332,2.51108967038041,-1.38670337969781,1.20743045907352,2.06349763963668,NA,NA,NA,NA,NA,NA,NA,NA,NA,NA,NA,NA,NA,NA,NA,NA,NA,NA,NA,NA,NA,NA,NA,NA,1.54092946523464,2.60739274121194,-1.2203635961351,1.30117038235813
2024-10-01,1.298080891602,2.5082535150495,-1.35822129018714,0.96556703156898,1.024219108398,NA,NA,NA,NA,NA,NA,NA,NA,NA,NA,NA,NA,NA,NA,NA,NA,NA,NA,NA,NA,NA,NA,NA,NA,1.55007244013957,2.61349843980655,-1.21768670625742,0.941658353686535
2025-01-01,1.3311842103449,2.41248984285971,-1.2237018865678,0.914759410822057,-0.027684210344898,NA,NA,NA,NA,NA,NA,NA,NA,NA,NA,NA,NA,NA,NA,NA,NA,NA,NA,NA,NA,NA,NA,NA,NA,1.56399144857898,2.6243449493732,-1.21525441830054,0.46355160503424
2025-04-01,1.35004488584405,2.51790647446436,-1.31648001745253,0.447438881338712,0.43005511415595,NA,NA,NA,NA,NA,NA,NA,NA,NA,NA,NA,NA,NA,NA,NA,NA,NA,NA,NA,NA,NA,NA,NA,NA,1.57156190663942,2.63070727326488,-1.21442181777057,0.447834467668258
2025-07-01,1.57156190663942,2.63070727326488,-1.21442181777057,0.679609261258292,0.45690999336058,NA,NA,NA,NA,NA,NA,NA,NA,NA,NA,NA,NA,NA,NA,NA,NA,NA,NA,NA,NA,NA,NA,NA,NA,1.57156190663942,2.63070727326488,-1.21442181777057,0.679609261258292
